"Site_Number","HabHabitat","DarLocality","ppt","vpdmax","tmax","tmean","tot_n","tot_s","DarLongitude","DarLatitude","optional"
1,"Stream ravine with hemlocks (Tsuga) and hardwoods (Acer, Betula)","Allegheny National Forest, Bimber Run Rd., Bimber Run 1.5 mi S of Bimber Corners",1141.14001464844,9.64000034332275,13.7799997329712,7.92000007629395,115.50500202179,229.637241363525,-79.3994,41.6761,TRUE
2,"Hemlock (Tsuga) - hardwood (Betula, Acer) floodplain","Allegheny National Forest, S of S boundary of Hickory Creek Wilderness Area, below confluence of Camp Run and Middle Hickory Creek, on FS 119",1147.17004394531,9.98999977111816,14.0500001907349,8.01000022888184,116.869468212128,235.948996543884,-79.37,41.6,TRUE
3,"Open hardwoods (Quercus, Acer) and pine (Pinus)","Allegheny National Forest, Tanbark Trail 0 to 0.7 mi from trailhead on Heart's Content Rd. to boundary with Hickory Creek Wilderness Area",1171.21997070312,8.4399995803833,12.6199998855591,7.17000007629395,118.717856884003,242.797609329224,-79.2619,41.6989,TRUE
4,"Mixed hardwoods (Betula, Acer) with Tsuga and large sandstone outcrops in shade","Powdermill Run Nature Preserve, S slopes above Powdermill Run, 1.75-2.5 mi SW of PA381",1309.13000488281,9.34000015258789,14.2799997329712,8.89999961853027,132.03791809082,354.027694702148,-79.2556,40.1361,TRUE
5,"Shaded conifer (Pinus, Tsuga) - hardwood (Acer, Betula, Prunus, Quercus) forest","Cook Forest State Park, Rhododendron/Indian Trail Loop, W-facing slopes above Toms Run",1162.32995605469,10.3900003433228,14.4499998092651,8.3100004196167,117.766618251801,242.43808555603,-79.2094,41.3369,TRUE
6,"Shaded conifer (Pinus, Tsuga) forest with old hardwoods (Acer, Betula, Quercus)","Cook Forest State Park, Jacks Hollow Rd. at jct w/ River Rd., N shore of Clarion River",1162.30004882812,10.0600004196167,14.1499996185303,8.14999961853027,117.766618251801,242.43808555603,-79.1867,41.3392,TRUE
7,"Ruderal hardwoods (Acer, Populus, Prunus)","Clear Creek State Forest, Maple Creek Tract, 1.25 mi E of jct w/ Forest Rd.",1168.57995605469,9.52000045776367,13.6099996566772,7.76000022888184,114.730136871338,237.928071022034,-79.1697,41.4094,TRUE
8,"Pinus stand","Cooks Forest State Park, N shore of the Clarion River, 1.75 mi E of PA 35 on River Rd.",1161.21997070312,10.4700002670288,14.5100002288818,8.39000034332275,116.379746437073,240.497313499451,-79.1608,41.3339,TRUE
9,"Open hardwood forest (Acer, Betula, Fraxinus, Prunus, Quercus) with massive sandstone boulders","Allegheny National Forest, just S of Warren/Forest County line, on road from Vandergriff Corners to Minister",1147.83996582031,9.4399995803833,13.3000001907349,7.30000019073486,113.963032245636,237.827881813049,-79.1506,41.6256,TRUE
10,"Tsuga forest with open boulderfield and adjacent mixed hardwoods (Acer, Betula, Quercus)","Allegheny National Forest, Dark Hollow Rd. 0.5 mi N of jct w/ River Rd., along Dark Hollow Creek",1153.77001953125,9.67000007629395,13.789999961853,7.96000003814697,115.822994232178,236.736436843872,-79.0867,41.3578,TRUE
11,"Riparian Carpinus stand","Allegheny National Forest, FS 131 0.25 mi E of jct w/ FS 592, ~1.75 mi NE of Loleta, N shore of Millstone Creek",1158.89001464844,10.039999961853,14.0900001525879,8.06999969482422,113.81559753418,237.069898605347,-79.0839,41.4083,TRUE
12,"Populus and Carpinus stand","Allegheny National Forest, FS 132 0.2 mi S of jct w/ Loleta Rd. in Loleta, W-facing slopes above Millstone Creek",1157.77001953125,10.1899995803833,14.2200002670288,8.15999984741211,113.81559753418,237.069898605347,-79.0817,41.3967,TRUE
13,"Boulder field  with mixed hardwoods (Acer, Betula) and spruce (Picea)","Clear Creek State Park, Phyllis Run 0.25 to 0.75 mi N of confluence w/ Clear Creek, Phyllis Run Trail",1158.80004882812,9.9399995803833,14.0200004577637,8.10000038146973,116.10062122345,240.318907737732,-79.0789,41.3253,TRUE
14,"Rocky hardwood (Acer, Quercus) forest","Clear Creek State Forest, Corbet Rd. 0.5 mi S of jct w/ PA 949, along Trap Run",1162.42004394531,9.76000022888184,13.8599996566772,8.01000022888184,115.855179309845,240.142369270325,-79.0647,41.3103,TRUE
15,"Massive sandstone outcrops in mixed hardwood forest (Acer, Betula, Quercus)","Clear Creek State Forest, Beartown Rocks, W of Corbet Rd.",1161.97998046875,8.81999969482422,13.0900001525879,7.67000007629395,115.856623649597,239.867684364319,-79.0594,41.3033,TRUE
16,"Mixed hardwoods (Betula, Acer, Fagus) and hemlock (Tsuga) stand","Allegheny National Forest, FR 131 1.25 mi SW of jct w/ FR 228, N slopes above confluence of Muddy Fork and Millstone Creek",1157.26000976562,10,13.9899997711182,7.98000001907349,113.765022754669,237.107583999634,-79.0483,41.4203,TRUE
17,"Populus stand in seep","Allegheny National Forest, FR 131 0.25 mi N of jct w/ FR 378, just S of Lamonaville",1162.90002441406,9.22000026702881,13.210000038147,7.40000009536743,114.184942722321,237.122804641724,-79.0361,41.4639,TRUE
18,"Disturbed roadside","Allegheny National Forest, FR 228 at jct w/ FR 131, above confluence of Gurgling Run and Millstone Creek",1159.31994628906,9.5600004196167,13.6000003814697,7.76999998092651,113.263000011444,236.599275588989,-79.0131,41.4361,TRUE
19,"Rocky stream ravine with hemlocks (Tsuga) and hardwoods (Acer, Betula)","Allegheny National Forest, Bent Run Recreation Area access, Bent Run 0-0.75 mi S of confluence w/ Allegheny River",1173.26000976562,9.11999988555908,13.1899995803833,7.32999992370605,122.610288143158,257.949300765991,-78.9964,41.8344,TRUE
20,"Rocky mixed hardwoods (Acer, Quercus) forest with mature trees near buried pipeline","Clear Creek State Forest, Callen Run Rd. 1.25 mi S of jct w/ PA 949",1148.67004394531,9.5600004196167,13.710000038147,7.96999979019165,114.538876533508,238.403143882751,-78.9867,41.3306,TRUE
21,"Large sandstone outcrops with sheltered faces and overhangs, in mixed hardwood forest (Quercus, Acer, Sassafras)","Allegheny National Forest, Jakes Rocks, ridge overlooking S shore of Allegheny Reservoir",1163.53002929688,8.77000045776367,12.8199996948242,7.03999996185303,121.143134593964,256.711533546448,-78.9831,41.845,TRUE
22,"Mature hardwood (Acer, Quercus) forest in rocky stream ravine","Allegheny National Forest, Church Run 0 to 0.25 mi N of confluence w/ Clarion River, above River Road",1143.02001953125,10.4499998092651,14.3000001907349,8.09000015258789,111.681147575378,238.507171630859,-78.9739,41.3781,TRUE
23,"Riparian Carpinus with mixed hardwoods (Acer, Betula) pine (Pinus) and sandstone outcrops","State Game Lands No. 28, E shore of Spring Creek, 0.5 mi N of intersection of FS 130/Big Run Rd. and SR 3002, S of inholding boundary",1144.84997558594,9.93000030517578,13.8800001144409,7.84000015258789,112.080139636993,239.128086090088,-78.9517,41.4236,TRUE
24,"Disturbed roadside and adjacent hardwood (Acer, Betula, Quercus) forest","State Game Lands No. 54, Spring Creek Rd. 0.75 mi N of jct w/ PA 949",1138.61999511719,9.30000019073486,13.5100002288818,7.90000009536743,113.979558944702,238.031462669373,-78.9503,41.3431,TRUE
25,"Carpinus stand grading to mixed hardwoods (Acer, Betula)","Allegheny National Forest, just S of Pigs Ear, W side of FR 125 0.5 mi N of Pine Camp",1159.94995117188,9.47000026702881,13.3199996948242,7.30999994277954,111.221549510956,230.32560634613,-78.9364,41.5594,TRUE
26,"Maple (Acer) forest adjacent to gas pipeline","Allegheny National Forest, FR 136, just S of jct w/ FR 343, 1.25 mi S of Owls Nest",1143.82995605469,9.06999969482422,13.0799999237061,7.28999996185303,111.670199871063,234.918613433838,-78.8833,41.4653,TRUE
27,"Riparian mixed hardwoods (Acer, Betula)","State Game Lands No. 44, Maxwell Run just N of Arroyo-Portland Rd., S of the Clarion River",1125.56994628906,10.3699998855591,14.1800003051758,7.92999982833862,111.331776618958,238.16086101532,-78.8714,41.3886,TRUE
28,"Open mixed hardwood forest (Acer, Fraxinus, Carya) with sandstone boulders","Parker Dam State Park, Beaver Dam Trail, 0-1 mi N of Mud Run Rd.",1120.9599609375,9.64999961853027,14.0299997329712,8.34000015258789,120.123804092407,253.749152183533,-78.5125,41.1947,TRUE
29,"Ruderal forest of Populus-Prunus-Pinus.","Parker Dam State Park, S of Tyler Rd., just W of jct of Tyler Rd. W/ Mud Run Rd.",1106.26000976562,9.35999965667725,13.7600002288818,8.21000003814697,120.123804092407,253.749152183533,-78.5056,41.2119,TRUE
30,"Spruce (Picea) - maple (Acer) - pine (Pinus) wetland edge","Moshannon State Forest, S of jct of Wallace Mine Rd. and Caledonia Pike, tributary to Trout Run",1167.86999511719,8.9399995803833,13.3800001144409,8.05000019073486,120.162440299988,251.322359085083,-78.3972,41.1942,TRUE
31,"Shaded sandstone cliffs and overhangs along stream, mixed hemlock (Tsuga) - hardwood (Acer, Fraxinus, Quercus, Fagus) forest","Elk State Forest, E shore of Chase Run 0-0.5 mi N of parking area on Trout Run Rd., N of Benezette",1028.9599609375,10.6300001144409,14.6899995803833,8.44999980926514,114.13636302948,234.27100944519,-78.3931,41.3233,TRUE
32,"Sandstone ledges and large outcrops in mixed hardwood forest (Acer, Quercus, Betula, sparse Carya).","Moshannon State Forest, Barr Hollow, upper half of Wally Bar Hollow Trail, E of Medix Run",1122.92004394531,8.94999980926514,13,7.15999984741211,114.13636302948,234.27100944519,-78.3706,41.2911,TRUE
33,"Clearing with sparse hardwoods (Acer, Betula).","Elk State Forest, E slopes above Bell Draft, Bell Draft Rd. 3/4 to 1 mi N of jct w/ Shaffer Draft Rd.",1100.0400390625,9.38000011444092,13.3800001144409,7.30000019073486,107.305526256561,215.704977035522,-78.3542,41.3917,TRUE
34,"Populus stand along clearing and adjacent maples (Acer)","State Game Lands No. 311, Winslow Hill Rd. 0.25 mi W of jct w/ Porcupine Rd., at boundary of SGL, 1.5 mi N of PA 555",1056.21997070312,9.53999996185303,13.6199998855591,7.6100001335144,113.987337112427,233.832967758179,-78.3528,41.3425,TRUE
35,"Second growth oak (Quercus) - maple (Acer) forest","Moshannon State Forest, Caledonia Pike at jct w/ PR 12112, 1/4 mi W of jct w/ Knobs Rd.",1164.23999023438,8.65999984741211,13.25,8.22999954223633,120.331605911255,251.299337387085,-78.3486,41.1825,TRUE
36,"Riparian hardwoods (Acer, Betula, Carya) with old clearing of Populus and Fagus","Elk State Forest, confluence of Shaffer Draft and Bell Draft, at jct of Bell Draft Rd. and Shaffer Draft Rd.",1060.81994628906,9.89999961853027,14,7.92999982833862,106.747046470642,214.57594871521,-78.3378,41.3781,TRUE
37,"Swampy seep with Carpinus and old hardwoods (Acer, Quercus)","Elk State Forest, E shore of East Branch of Hicks Run, 1.25 mi N of jct of E & W Hicks Run Rd.",1056.28002929688,10.3299999237061,14.3999996185303,8.26000022888184,106.747046470642,214.57594871521,-78.3239,41.3681,TRUE
38,"Old hardwoods (Betula, Acer) with younger hemlocks (Tsuga)","Elk State Forest, Pine Tree Trail Natural Area, western margins of picnic area at confluence of E and W branches of Hicks Run",1056.43005371094,10.3800001144409,14.4399995803833,8.27999973297119,106.747046470642,214.57594871521,-78.3178,41.3608,TRUE
39,"Sandstone boulders on slope with mixed hardwoods (Acer, Quercus).","Moshannon State Forest, Merrill Rd. 1/4 mi N of jct w/ Caledonia Pike, Rock Spring tributary to Gifford Run",1150.78002929688,8.57999992370605,13.0699996948242,7.92999982833862,120.354314804077,251.087480545044,-78.3172,41.1789,TRUE
40,"Seepage face and cool moist overhangs in riparian Betula-Liriodendron forest","Elk State Forest, E shore of Dents Run 1 mi N of jct w/ Dents Run Rd. and PA 555, S of Bear Run",1068.25,10.4300003051758,14.4899997711182,8.34000015258789,106.74214553833,214.160520553589,-78.2867,41.3583,TRUE
41,"Sandstone ledges and outcrops in mixed hardwood forest (Acer, Quercus, Betula, sparse Fagus and Carya)","Moshannon State Forest, Grant Trail just E of Cameron/Elk County line, slopes of Mile Run",1108.11999511719,8.52000045776367,12.8599996566772,7.44000005722046,114.279520511627,233.815307617188,-78.2858,41.3208,TRUE
42,"Streamside rocks w/ riparian hardwoods (Acer dominant) and several large sun-baked flatrocks","Moshannon State Forest, Merrill Rd. 3/4 mi N of jct w/ Caledonia Pike, crossing over Gifford Run",1006.85998535156,11.2600002288818,15.8199996948242,10.0299997329712,113.015501022339,181.117560386658,-78.2658,40.1817,TRUE
43,"Populus stand","Elk State Forest, N side of Fourmile Run Rd. 0.25 mi E of jct w/ Dividing Ridge Rd.",1130,8.69999980926514,12.7399997711182,6.90999984741211,107.703469753265,219.768026351929,-78.2647,41.6042,TRUE
44,"Oak (Quercus) - hickory (Carya) woodland with sparse pine (Pinus), an ericaceous understory, and rocky (sandstone) topography","State Game Lands No 73, Tussey Mountain (summit ridge), SE of PA 164 immediately W of Bedford County line, opposite entrance of Mid State Trail, Woodbury Township",975.72998046875,9.56999969482422,14.25,9.01000022888184,111.622644424438,177.798558235168,-78.2597,40.2972,TRUE
45,"Seep with Carpinus, Betula, Acer, and Tsuga","Elk State Forest, Fourmile Run Rd., 3.25 mi N of jct w/ PA 155, E shore Fourmile Run",1137.9599609375,9.06999969482422,13.0600004196167,7.07000017166138,107.703469753265,219.768026351929,-78.2528,41.5922,TRUE
46,"Clearing on ridge top beside buried gas pipeline, forested with grove of old oak (Quercus) and maple (Acer).","Moshannon State Forest, Grant Trail 1 mi W of Cameron/Elk County line",1115.47998046875,8.5,12.8199996948242,7.46000003814697,116.832054138184,229.941637992859,-78.2328,41.3242,TRUE
47,"Open mixed hardwoods with Tsuga and Carpinus","Elk State Forest, East Cowley Run Rd. 0.25 to 0.5 mi E of State Park boundary, slopes above S shore of E Branch Cowley Run",1108,9.9399995803833,13.9200000762939,7.80999994277954,109.607768535614,223.639700889587,-78.165,41.6008,TRUE
48,"Abandoned sandstone quarry","Susquehannock State Forest, E side of Ridge Rd. 0.5 mi S of jct w/ East Cowley Run Rd.",1106.36999511719,8.77999973297119,12.8100004196167,6.96000003814697,109.85698223114,223.873812675476,-78.1386,41.6406,TRUE
49,"Rocky (sandstone) seepage faces along road and dry outcrops above, with oak (Quercus) - hickory (Carya) forest including sparse pine (Pinus)","Trough Creek State Park, picnic area along Great Trough Creek, 1 mi N of park office, Todd Township",994.599975585938,11.539999961853,16.0799999237061,10.1199998855591,113.112444877625,178.205088615417,-78.1267,40.3186,TRUE
50,"Mixed hardwoods (Acer, Fraxinus, Quercus) on ridge top","Susquehannock State Forest, E side of Ridge Rd. 1 mi N of jct w/ Portage Rd.",1113.21997070312,8.85000038146973,12.8699998855591,6.94999980926514,109.465518474579,223.115609169006,-78.1186,41.6069,TRUE
51,"Sandstone outcrops with large overhangs in mixed maple (Acer) - hemlock (Tsuga) forest","Moshannon State Forest, Wolf Rocks, S of jct of Six Mile Run Rd. and Wolf Rocks Rd.",1099.23999023438,8.76000022888184,13.5100002288818,8.25,133.968903541565,268.558462142944,-78.1156,40.8586,TRUE
52,"Hemlock (Tsuga) - birch (Betula) forest (hemlock dominant) surrounding extensive sandstone talus slope with cold air flow","Rothrock State Forest, Colerain Picnic Area, 1 mi NE of village of Spruce Creek, 1.7 mi SW of village of Franklinville, Spruce Creek Township",1043.13000488281,11.0900001525879,15.5799999237061,9.78999996185303,115.544007301331,186.245908737183,-78.1106,40.6281,TRUE
53,"Abandoned limestone quarry, poor juniper (Juniperus virginiana) barren above and rock rubble with ruderal trees below","NW of PA 45, 1 mi SW of village of Franklinville, Franklin Township",1044.32995605469,11.5299997329712,15.8699998855591,9.81999969482422,115.544007301331,186.245908737183,-78.1064,40.6331,TRUE
54,"Larix stand in maple (Acer) forest with sandstone boulders","Susquehannock State Forest, E side of Ridge Rd. 0.75 N of jct w/ Hunts Run Rd.",1103.97998046875,9.3100004196167,13.2399997711182,7.13000011444092,109.58935880661,216.812945365906,-78.1044,41.5433,TRUE
55,"Open mixed hardwoods (Acer, Betula Prunus) grading to dense hemlock (Tsuga) stand","Elk State Forest, Jerry Run Rd. 3/4 to 1 mi S of Sinnemahoning Creek, slopes above Upper Jerry Run",1120.22998046875,9.96000003814697,13.9700002670288,7.88000011444092,114.822861671448,222.784170150757,-78.0822,41.2969,TRUE
56,"Maple (Acer) forest","Moshannon State Forest, Benner Run Rd. 1.1 mi N of jct w/ PA 504 / Rattlesnake Rd.",1078.33996582031,8.61999988555908,13.4099998474121,8.1899995803833,133.28191280365,254.204738616943,-78.0558,40.9278,TRUE
58,"Talus slope and massive sandstone overhangs in mixed maple (Acer) - oak (Quercus) forest","Elk State Forest, Brooks Run Rd. 1.0 mi W of jct w/ PA 872, slopes above Brooks Run",1094.0400390625,10.039999961853,13.960000038147,7.78999996185303,110.966208457947,218.123010635376,-78.0544,41.4081,TRUE
59,"Stream with mixed hardwoods (Acer, Betula, Fraxinus, Quercus) and sandstone overhangs","Elk State Forest, Brooks Run Rd. 1.25 mi W of jct w/ PA 872",1094.0400390625,10.039999961853,13.960000038147,7.78999996185303,110.966208457947,218.123010635376,-78.0544,41.4092,TRUE
60,"Mixed maple (Acer) - birch (Betula) forest with sandstone boulders","Moshannon State Forest, Benner Run Rd. 1.25 to 1.5 mi E of jct w/ Huckleberry Rd., along dry tributary to Moshannon Creek",1079.43994140625,8.71000003814697,13.4399995803833,8.19999980926514,126.671409606934,255.286347389221,-78.0539,40.9383,TRUE
61,"Riparian mixed hemlock – hardwood forest (Acer, Quercus, Carpinus, Hamamelis) along stream","Sproul State Forest, Hyner Run Rd. at jct w/ Dry Hollow Trail, along Hyner Run",1075.65002441406,9.89999961853027,13.8800001144409,7.82000017166138,116.068058013916,213.697130203247,-77.6033,41.3967,TRUE
62,"oak (Quercus) forest with Kalmia understory","Tiadaghton State Forest, Manor Fork Rd. 0.5 mi from jct with PA 44",1154.5400390625,8.32999992370605,12.6499996185303,7.28000020980835,112.47648525238,202.124819755554,-77.5639,41.475,TRUE
63,"Acer-Betula forest with rock outcrops and Rhododendron","Tiadaghton State Forest, Trout Run Rd. ~0.5 mi S of jct with Little Boyer Rd., N-facing slopes above S-shore of Trout Run",1139.05004882812,9.06999969482422,13.1499996185303,7.42999982833862,116.259503364563,213.944303512573,-77.5639,41.4306,TRUE
64,"Mixed hardwood (Acer, Betula, Fraxinus) forest","Tiadaghton State Forest, N-facing slopes above S shore of unnamed tributary to Francis Branch of Slate Run, along Francis Rd. at hairpin turn just S of Lycoming County line",1140.76000976562,9.72000026702881,13.6899995803833,7.65000009536743,111.889251232147,201.354007720947,-77.5486,41.5472,TRUE
65,"Calcareous sandstone outcrops and overhangs, with mixed hardwood (Acer, Betula, Fraxinus, Carya) forest","Tiadaghton State Forest, Francis Rd. ~2 mi S of Lycoming County line, E-facing slopes above W shore of Slate Run",1174.34997558594,10.1800003051758,14.1400003433228,7.92000007629395,111.60884809494,201.034058570862,-77.5278,41.5236,TRUE
66,"Selectively timbered [8 yr prior] Quercus alba-Quercus prinus-Acer rubrum forest with highly disturbed Kalmia understory","Tiadaghton State Forest, ridge between First Big Fork and Second Big Fork of Trout Run, ~0.8 mi E of PA44 at jct w/ Forest Rd, Timber Plot 2",1115.80004882812,9.02000045776367,13.25,7.65000009536743,117.091125488281,204.715648651123,-77.5278,41.3833,TRUE
67,"Selectively timbered [8 yr prior] Quercus alba-Quercus prinus-Acer rubrum forest with highly disturbed Kalmia understory","Tiadaghton State Forest, ridge between First Big Fork and Second Big Fork of Trout Run, ~0.8 mi E of PA44 at jct w/ Forest Rd, Timber Plot 1",1115.80004882812,9.02000045776367,13.25,7.65000009536743,117.091125488281,204.715648651123,-77.5272,41.3833,TRUE
68,"Selectively timbered [8 yr prior] Quercus alba-Quercus prinus-Acer rubrum forest with highly disturbed Kalmia understory","Tiadaghton State Forest, ridge between First Big Fork and Second Big Fork of Trout Run, ~0.8 mi E of PA44 at jct w/ Forest Rd, Timber Plot 3",1115.80004882812,9.02000045776367,13.25,7.65000009536743,117.091125488281,204.715648651123,-77.5269,41.3828,TRUE
69,"Selectively timbered [8 yr prior] Quercus alba-Quercus prinus-Acer rubrum forest with highly disturbed Kalmia understory","Tiadaghton State Forest, ridge between First Big Fork and Second Big Fork of Trout Run, ~0.8 mi E of PA44 at jct w/ Forest Rd, Timber Plot 4",1115.80004882812,9.02000045776367,13.25,7.65000009536743,117.091125488281,204.715648651123,-77.5267,41.3831,TRUE
70,"Mixed Quercus alba-Quercus prinus-Acer rubrum forest with Kalmia-Hamamelis understory adjacent to gas pad","Tiadaghton State Forest, ridge between First Big Fork and Second Big Fork of Trout Run, ~1 mi E of PA44 at jct w/ Forest Rd, Gas Plot 3",1115.80004882812,9.02000045776367,13.25,7.65000009536743,117.091125488281,204.715648651123,-77.5228,41.3806,TRUE
71,"Mixed Quercus alba-Quercus prinus-Acer rubrum forest with Kalmia-Hamamelis understory adjacent to gas pad","Tiadaghton State Forest, ridge between First Big Fork and Second Big Fork of Trout Run, ~1 mi E of PA44 at jct w/ Forest Rd.",1115.80004882812,9.02000045776367,13.25,7.65000009536743,117.091125488281,204.715648651123,-77.5228,41.3808,TRUE
72,"Mixed Quercus alba-Quercus prinus-Acer rubrum forest with Kalmia-Hamamelis understory adjacent to gas pad","Tiadaghton State Forest, ridge between First Big Fork and Second Big Fork of Trout Run, ~1 mi E of PA44 at jct w/ Forest Rd, Gas Plot 4",1115.80004882812,9.02000045776367,13.25,7.65000009536743,117.091125488281,204.715648651123,-77.5225,41.3797,TRUE
73,"Mixed Quercus alba-Quercus prinus-Acer rubrum forest with Kalmia-Hamamelis understory adjacent to gas pad","Tiadaghton State Forest, ridge between First Big Fork and Second Big Fork of Trout Run, ~1 mi E of PA44 at jct w/ Forest Rd, Gas Plot 1",1115.80004882812,9.02000045776367,13.25,7.65000009536743,117.091125488281,204.715648651123,-77.5222,41.3814,TRUE
74,"Mixed Quercus alba-Quercus prinus-Acer rubrum forest with Kalmia-Hamamelis understory adjacent to gas pad","Tiadaghton State Forest, ridge between First Big Fork and Second Big Fork of Trout Run, ~1 mi E of PA44 at jct w/ Forest Rd, Gas Plot 2",1115.80004882812,9.02000045776367,13.25,7.65000009536743,117.091125488281,204.715648651123,-77.5214,41.3814,TRUE
75,"Mixed hardwoods (Acer, Betula, Quercus, Sassafras) - pine (Pinus) forest with Kalmia understory","Michaux State Forest, W-slopes of Monalto Mountain, Kettle Springs Rd., 0.5 mi N of intersection with White Rocks Rd.",1123.39001464844,11.1000003814697,15.6700000762939,10.1899995803833,152.166540145874,162.31476020813,-77.5167,39.875,TRUE
76,"Old pine (Pinus) plantation","Tioga State Forest, W-facing slopes of S end of Callahan Hill, E shore of Slide Island Run, along Painter Leetonia Rd., ~0.5 mi N of Leetonia",1046.85998535156,9.76000022888184,13.7600002288818,7.61999988555908,108.71395778656,190.991299629211,-77.5,41.6083,TRUE
77,"Acer-Betula forest with Carpinus","Tioga State Forest, W-facing slopes of Callahan Hill above Slide Island Run, along Painter Leetonia Rd., ~2 mi N of Leetonia",1039.46997070312,9.14000034332275,13.289999961853,7.42000007629395,108.813858032227,191.000401496887,-77.4972,41.6236,TRUE
78,"Pine (Pinus) - hemlock (Tsuga) - spruce (Picea) forest with occasional oaks (Quercus)","Tiadaghton State Forest, Algerine Swamp Natural Area, ~0.5 mi N of Lycoming County line, along Gamble Run Rd.",1186.83996582031,8.67000007629395,12.8199996948242,7.23999977111816,111.1266746521,200.38516998291,-77.4931,41.5542,TRUE
79,"Riparian mixed hardwood (Betula, Acer, Quercus) - hemlock (Tsuga) forest with sparse pine (Pinus)","Michaux State Forest, Rocky Mountain, PA 233 at bridge over Rocky Mountain Run, 2 mi S of jct w/ US 30",1131.77001953125,11.0900001525879,15.8000001907349,10.4099998474121,152.358457565308,162.346910476685,-77.4917,39.8806,TRUE
80,"Rocky shaded slope with old growth oak (Quercus) and scattered hickory (Carya) - hemlock (Tsuga) - and pine (Pinus) AND Open area on ridge-top","Michaux State Forest, N-slopes of Rocky Mountain, SW corner of intersection of PA 233 & US 30",1142.21997070312,11.4300003051758,15.539999961853,9.97999954223633,155.342441558838,169.906627655029,-77.4833,39.7639,TRUE
81,"seepy hardwood forest (Betula, Acer, Carya, Carpinus) with sparse Tsuga","Tioga State Forest, Colton Rd. ~5 mi S of jct with US 6, ~0.5 mi E of jct of Colton Rd./Painter Leetonia Rd.",971.030029296875,8.85999965667725,13.0699996948242,7.28999996185303,109.295622825623,180.196113586426,-77.4833,41.7083,TRUE
82,"Rocky oak (Quercus) forest with Cornus understory AND Acer-Betula forest with rock outcrops and Rhododendron","Tioga State Forest, Algerine Swamp Natural Area, S-facing slopes above Gamble Run, along Gamble Run Rd., ~2.5 mi N of jct with PA 414",1215.52001953125,8.94999980926514,13.039999961853,7.3899998664856,106.030035018921,187.340755462646,-77.4792,41.5236,TRUE
83,"Mature Quercus prinus-Acer rubrum forest with Kalmia- Hamamelis understory and sandstone rocks","Tiadaghton State Forest, Miller Run Natural Area, slopes above Left Fork of Miller Run, ~0.5 mi N of Browns Run Rd., Mature Plot 2",1110.02001953125,8.72000026702881,13.0500001907349,7.61999988555908,116.625184059143,204.097749710083,-77.475,41.3672,TRUE
84,"Second growth Quercus prinus-Acer rubrum forest with Kalmia understory and sandstone rocks","Tiadaghton State Forest, Miller Run Natural Area, slopes above Left Fork of Miller Run, ~0.5 mi N of Browns Run Rd., Mature Plot 1",1110.02001953125,8.72000026702881,13.0500001907349,7.61999988555908,116.625184059143,204.097749710083,-77.4742,41.3669,TRUE
85,"Mature Quercus prinus-Acer rubrum forest with Kalmia-Vaccinium-Hamamelis understory","Tiadaghton State Forest, Miller Run Natural Area, slopes above Left Fork of Miller Run, ~0.5 mi N of Browns Run Rd., Mature Plot 3",1110.02001953125,8.72000026702881,13.0500001907349,7.61999988555908,116.625184059143,204.097749710083,-77.4728,41.3681,TRUE
86,"Second growth Quercus prinus-Acer rubrum-Acer pensylvanicum forest with Kalmia-Hamamelis understory","Tiadaghton State Forest, Miller Run Natural Area, slopes above Left Fork of Miller Run, ~0.5 mi N of Browns Run Rd., Mature Plot 4",1110.02001953125,8.72000026702881,13.0500001907349,7.61999988555908,116.625184059143,204.097749710083,-77.4722,41.3675,TRUE
87,"Rock outcrops in oak (Quercus) - birch (Betula) forest","Michaux State Forest, District Rd. 2 mi E of insersection w/ PA 233",1163.47998046875,10.6599998474121,15.25,9.94999980926514,154.298949241638,177.351289749146,-77.4694,39.8708,TRUE
88,"calcareous sandstone ledges and overhangs along stream","Tioga State Forest, E shore of Gleason Hollow Run at confluence with Fahneystock Run, along SR 3001 ~2.5 mi S of Leetonia",1129,9.46000003814697,13.5900001525879,7.71000003814697,107.435127258301,184.22917175293,-77.4667,41.5806,TRUE
89,"Mixed hardwoods (Fraxinus, Acer, Betula) and Tsuga, with stands of Populus around disturbed clearing","Tioga State Forest, Asaph Wild Area, Black Ash Swamp, 0-0.5 mi W of Right Asaph Rd., Middle Ridge",928.419982910156,8.47999954223633,12.6800003051758,7.11999988555908,101.766218662262,156.41535949707,-77.4639,41.8069,TRUE
90,"moist calcareous sandstone overhangs in Betula/Acer/Tsuga forest","Tioga State Forest, N facing slopes of Cedar Mountain above Mine Hole Run, along Mine Hole Rd., ~0.5 mi N of jct w/ Leetonia Rd.",1174.76000976562,10.1000003814697,14.1400003433228,7.96000003814697,106.227991104126,187.561298370361,-77.4569,41.5625,TRUE
91,"Quercus forest with Kalmia understory","Tioga State Forest, along Colton Rd./West Rim Rd., at jct w/ Spiningwheel [sic] Trail, E-facing slopes of N end of Fahnestock [sic] Hill",1140.26000976562,8.43000030517578,12.7299995422363,7.26000022888184,107.435127258301,184.22917175293,-77.4472,41.5917,TRUE
92,"Calcareous sandstone bluffs with Quercus-Pinus forest","Tioga State Forest, west rim of Pine Creek Gorge, vicinity of Barbour Rock",925.390014648438,9.55000019073486,13.5799999237061,7.55999994277954,108.517496109009,179.17241191864,-77.4458,41.7222,TRUE
93,"Pine (Pinus) with mixed hardwoods (Acer, Fraxinus)","Bald Eagle State Forest, N shore of Treaster Run, E of Bigelow Ridge Trail, S of Treaster Valley Rd.",1119.26000976562,10.3800001144409,14.5900001525879,8.72999954223633,132.342060089111,164.17050075531,-77.4425,40.4392,TRUE
94,"Shaded boulder strewn slope and associated talus slope, hemlock (Tsuga) - birch (Betula) - oak (Quercus) forest.","Michaux State Forest, Green Ridge, High Rock Rd. 1.0 mi S of intersect w/ Cold Springs Rd.",1174.81994628906,10.539999961853,15.5299997329712,10.6000003814697,154.248589515686,177.168563842773,-77.4417,39.8278,TRUE
95,"Riparian mixed hardwood (Acer, Quercus) forest with sparse hemlock (Tsuga).","Michaux State Forest, Big Pond Rd. 0.5 mi S of intersection with Hogshead Rd.",1255.39001464844,9.78999996185303,14.8500003814697,9.77999973297119,160.677269935608,192.156991958618,-77.4069,40.0056,TRUE
96,"Sandstone talus slopes in full sun with oak (Quercus) - pine (Pinus) forest along margins","Michaux State Forest, Buzzard's Rock, Hogshead Rd. 2.25 mi N of intersection with Ridge Rd.",1150.44995117188,10.539999961853,15.3199996948242,9.78999996185303,150.021777153015,175.126985549927,-77.3917,40.0389,TRUE
97,"Ridge-top oak (Quercus) - pine (Pinus) - Sassafras forest","Michaux State Forest, intersection of Ridge Rd. and Dead Woman's Hollow Rd., 1.0 mi N of Shippensburg Rd.",1268.81005859375,9.69999980926514,14.8000001907349,9.82999992370605,157.968791007996,189.137419700623,-77.3917,40.0056,TRUE
98,"Old quarry and adjacent hardwoods (Acer, Quercus)","Bald Eagle State Forest, Hunter Rd. 0.25 mi E of jct w/ Red Ridge Rd.",1252.82995605469,10.039999961853,14.3900003433228,8.77000045776367,137.086369514465,198.164877891541,-77.3853,40.7922,TRUE
99,"Granitic outcrops in full sun, sparse oak","Michaux State Forest, Dead Womans Overlook, Blueberry Trail ~0.7 mi SE of jct with Appalachian Trail, between Dead Womans Hollow and Tumbling Run",1217.56994628906,10.2700004577637,15.1000003814697,9.77999973297119,157.968791007996,189.137419700623,-77.375,40.0028,TRUE
100,"Oak forested ridge with rock outcrops","Michaux State Forest, Woodrow Rd. 2.25 mi S of Ridge Rd.",1184.56994628906,10.2299995422363,15.6099996566772,10.5900001525879,157.968791007996,189.137419700623,-77.3556,40.0083,TRUE
101,"Ruderal shaded talus and streamside hardwoods (Acer, Betula)","Bald Eagle State Forest, Weikert Run Rd. 3 mi E of jct w/ Hoofnagle Rd.",1275.91003417969,9.90999984741211,14.1999998092651,8.52999973297119,130.623934745789,197.998218536377,-77.3261,40.8139,TRUE
102,"Massive sandstone talus with old Betula, Pinus, and Tsuga","Bald Eagle State Forest, Stony Run Rd. 0.5 mi N of jct w/ Negro Hollow Rd.",1298.5400390625,10.1599998474121,14.1899995803833,8.28999996185303,138.701120376587,221.59074306488,-77.3,40.9325,TRUE
103,"Riparian rich hardwoods (Acer, Nyssa, Quercus) grading to a humid Pinus - Quercus forest","Kings Gap State Park, Ritter Tract, Irishtown Gap Hollow 0-0.5 mi S of parking area on Irish Gap Rd.",1078.19995117188,11.1099996566772,16.4400005340576,11.1000003814697,151.141221046448,173.181705474854,-77.2986,40.0886,TRUE
104,"Quercus forest with large quartzite-sandstone rock outcrops","Kings Gap State Park, Ritter Tract, E slopes of Irishtown Gap Hollow, ca. 0.3 mi S of Irish Gap Hollow",1078.19995117188,11.1099996566772,16.4400005340576,11.1000003814697,151.141221046448,173.181705474854,-77.2967,40.0889,TRUE
105,"Rocky oak (Quercus) forest","Bald Eagle State Forest, above Winkleblech Vista, Winkleblech Rd. ~0.25 mi SE of jct w/ Round Top Rd.",1283.94995117188,9.77999973297119,13.8500003814697,7.98000001907349,140.880039215088,223.822388648987,-77.2922,40.9164,TRUE
106,"old quarry","Bald Eagle State Forest, Stover Gap Rd. W side, 0.75 mi S of jct w/ PA 192, N of Stover Gap.",1250.06005859375,10.3999996185303,14.3100004196167,8.26000022888184,141.797690391541,224.966346740723,-77.2844,40.9728,TRUE
107,"Mixed hardwoods (Betula, Fraxinus, Liriodendron) and hemlock (Tsuga)","Bald Eagle State Forest, Joyce Kilmer Natural Area, Joyce Kilmer Trail 0-0.2 mi S of Bear Run Rd. along Laurel Run",1230.76000976562,10.5200004577637,14.4200000762939,8.25,140.453440666199,222.216717720032,-77.2786,40.8981,TRUE
108,"Shaded sandstone talus with oak hardwoods (Betula, Quercus) AND Massive sandstone talus with old Betula, Pinus, and Tsuga","Bald Eagle State Forest, Stover Gap, 0.25 mi NW of switchback on Stover Gap Rd.",1275.63000488281,10.1199998855591,13.8199996948242,7.61999988555908,141.797690391541,224.966346740723,-77.27,40.9656,TRUE
109,"rocky mixed hardwood forest (Acer, Betula, Fraxinus)","Hills Creek State Park, SW-facing slopes above E shore of Hills Creek Lake",940.75,9.69999980926514,13.7799997329712,7.75,100.327477931976,148.550373077393,-77.1972,41.8139,TRUE
110,"Rocky seepy forest with mature Quercus and Fraxinus","Bald Eagle State Forest, The Hook Natural Area, S of Jones Mountain Rd., between Molasses Gap Trail and Middle Ridge Trail",1265.7900390625,10.5299997329712,14.289999961853,7.98999977111816,139.152289390564,184.767322540283,-77.1714,40.9706,TRUE
111,"Rocky oak (Quercus) - pine (Pinus) forest","Bald Eagle State Forest, S slopes of Sand Mountain, Halfway Run Natural Area, above Sand Mountain Rd. 0.75 mi W of jct w/ Boyer Gap Rd.",1291.5400390625,10.3599996566772,13.9300003051758,7.59000015258789,135.225150108337,186.144177436829,-77.1592,40.9997,TRUE
112,"Ruderal hardwood forest (Acer, Betula) with extensive sandstone ledges","Tioga State Forest, slopes above junction of US 15/I-99 and SR 2023 (Lower Arnot Rd.), ~2.5 mi S of Arnot",1012.16998291016,8.23999977111816,12.6000003814697,7.21999979019165,117.947414398193,187.16298866272,-77.1167,41.6306,TRUE
113,"Sandstone talus and mixed hardwoods (Acer, Quercus, Betula)","Bald Eagle State Forest, Sand Mountain, below Round Knob Overlook, Cooper Mill Rd. 0.1 mi N of jct w/ Sand Mountain Rd.",1272.43005371094,10.5299997329712,14.2200002670288,7.8899998664856,132.062693595886,182.130347251892,-77.1156,41.0056,TRUE
114,"Rocky talus shaded in oak (Quercus) woods","Bald Eagle State Forest, slopes above Brandon Rd. 0.25-0.45 mi S of jct w/ Jones Mountain Rd.",1185.27001953125,10.4099998474121,14.0900001525879,7.80999994277954,136.825753211975,181.702964782715,-77.1108,40.9739,TRUE
115,"Rocky mixed hardwoods (Acer, Betula, Quercus)","Bald Eagle State Forest, N-facing slopes above Spruce Run, Spruce Run Rd. 1.25 mi E of jct w/ Cooper Mill Rd.",1239.65002441406,10.6599998474121,14.4700002670288,8.17000007629395,132.062693595886,182.130347251892,-77.0803,41.0206,TRUE
116,"Swampy mixed hardwoods (Acer, Quercus) with Liriodendron in floodplain","Bald Eagle State Forest, White Deer Creek Rd. 0.5 mi S of jct w/ SR1010, S/W short of White Deer Creek",1248.18005371094,10.6499996185303,14.6199998855591,8.43000030517578,132.108619689941,182.198756217957,-77.0792,41.0583,TRUE
117,"Exposed sandstone talus slope with occasional shade from Betula-Quercus-Pinus-Fagus forest","Bald Eagle State Forest, White Deer Creek Rd. 1 mi S of jct w/ SR1010, W-facing slopes above White Deer Creek",1236.93005371094,10.6300001144409,14.5900001525879,8.34000015258789,132.108619689941,182.198756217957,-77.075,41.05,TRUE
118,"Mixed hardwood forest (Acer, Betula, Fraxinus, Carya) with sandstone/shale outcrops","State Game Lands No. 133, E shore of Lycoming Creek, N-facing slopes of Batys Mountain between Debois Hollow and Shoemaker Run, along Lower Bodines Rd. ~0.5 mi N of intersection w/ Field Station Rd.",1061.89001464844,11.0900001525879,15.3299999237061,9.17000007629395,113.176800727844,176.374060630798,-76.9972,41.4292,TRUE
119,"Ruderal forest (Acer, Betula) with planted Abies and Pinus surrounded by disturbed rock outcrops","Tiadaghton State Forest, McIntyre Wild Area, along McIntyre Rd. ~3.5 mi from intersection w/ Rock Run Rd.",1017.5,8.38000011444092,12.7399997711182,7.5,120.315480232239,196.780319213867,-76.9333,41.5306,TRUE
120,"Bedrock outcrops along stream and mature mixed hardwood forest (Fraxinus, Carya, sparse Acer) AND Rocky oak (Quercus) forest with Cornus understory","Tiadaghton State Forest, S-facing slopes above Rock Run, along Rock Run Rd. ~2 mi E of PA 14/town of Ralston",1033.01000976562,10.1000003814697,14.1800003051758,8.02000045776367,121.765460968018,198.44993019104,-76.9139,41.5167,TRUE
121,"Rich hardwood (Fraxinus Acer) forest with mixture of calcareous and non-calcareous sandstone outcrops","State Game Lands No. 12, E shore of Sugar Run, ~2 mi S of confluence with Schrader Creek, S of Minerville on Minerville Rd.",914.219970703125,9.86999988555908,14.0500001907349,8.05000019073486,100.677545070648,124.074628353119,-76.6417,41.7722,TRUE
122,"Narrow stream ravine with hemlock (Tsuga) and hardwoods (Acer, Betula, Fraxinus)","State Game Lands No. 36, Falls Creek, 1 mi N of confluence with Schrader Creek, ca. 0.75 mi W of Barclay Station on Minerville Rd",1016.96997070312,8.65999984741211,13.1599998474121,7.80000019073486,107.114607334137,146.167988777161,-76.5972,41.6403,TRUE
123,"Devonian shale outcrops along roadside","N side of Overton Road/SR 3002, ca. 2 mi SW of jct with US 220 in New Albany",1033.5,8.68000030517578,13.1999998092651,7.80000019073486,114.777801513672,164.691341876984,-76.475,41.5833,TRUE
124,"ruderal mixed hardwoods (Acer, Betula)","Wildlife Preserve, ca. 2.5 mi W of Alaska, S of PA 901, ca. 3.5 mi E of Excelsior",1165.73999023438,9.93000030517578,14.710000038147,8.97999954223633,151.380627632141,194.549464225769,-76.4736,40.7722,TRUE
125,"Oak (Quercus) - dogwood (Cornus) forest with sandstone boulders","Weiser State Forest, E end of Mahantango Mountain, N of T409/Taylorville Road., ca. 2.5 mi E of Taylorville (jct of T409 & PA 901)",1180.78002929688,8.32999992370605,13.7299995422363,8.88000011444092,147.777958869934,179.43360042572,-76.4319,40.725,TRUE
126,"Oak (Quercus)-gum (Nyssa) upland forest grading to humid hemlock (Tsuga)-hardwood (Acer, Betula, Nyssa) forested stream ravine w/ massive schist outcrops and talus","Apollo County Park, north section via Boyd Road Access, Mason Dixon Trail along Wilson Run to confluence with Susquehanna River",1104.14001464844,11.8599996566772,17.3600006103516,11.8999996185303,172.569900512695,149.560354232788,-76.4083,39.9139,TRUE
127,"Humid hemlock (Tsuga) - hardwood (Magnolia, Betula, Liriodendron) forested stream ravine with massive schist outcrops","State Game Lands No. 83, S shore of Sawmill Run along Sawmill Rd., 0.5-1.5 mi W of York Furnace/confluence of Sawmill Run and Susquehanna River",1084.43005371094,11.6800003051758,17.2299995422363,11.7399997711182,161.066679000854,150.095456600189,-76.3944,39.875,TRUE
128,"Oak (Quercus) - hemlock (Tsuga) - Magnolia ravine forest with Kalmia understory and extensive schist outcrops/ledges","State Game Lands No. 83, Sawmill Run, E of PA 425/Sawmill Rd., 0.5 mi W of York Furnace",1079.2099609375,11.6700000762939,17.2399997711182,11.6800003051758,161.066679000854,150.095456600189,-76.3917,39.8708,TRUE
129,"Open oak (Quercus) - hickory (Carya) woodland with sandstone boulders and outcrops","State Game Lands No. 58, along Twp. Road 397 (Fire Tower Road), ca. 1 mi WSW of Twp. Road 468 (Fisher Run Road), beyond one-lane bridge over Catawissa Creek at jct. with PA 339, Roaring Creek Township",1122.68994140625,10.5500001907349,15.0699996948242,9.18000030517578,126.693811416626,167.817329883575,-76.3867,40.9533,TRUE
130,"rocky oak - nyssa forest","Weiser State Forest, S-facing sloeps of Big Mountain above South Branch, E of PA 42, ca. 2.5 mi N Artises",1190.48999023438,9.80000019073486,14.4499998092651,8.86999988555908,143.63627910614,187.975818634033,-76.3583,40.8444,TRUE
131,"Schist outcrops/bluffs with oak (Quercus) - gum (Nyssa) - pine (Pinus) forest","E slopes above Susquehanna River, 0.25-0.5 mi N of confluence of Tucquan Creek and Susquehanna River",1052.22998046875,12,17.4899997711182,11.9499998092651,159.809161186218,148.949074268341,-76.3486,39.8583,TRUE
132,"Hemlock (Tsuga) - hardwood (Betula, Quercus, Platanus, Acer) forested stream ravine","Tucquan Glen Preserve, N slopes of ravine along Tucquan Creek, between River Rd. and confluence with the Susquehanna River",1052.01000976562,11.6199998855591,17.2299995422363,11.7700004577637,159.809161186218,148.949074268341,-76.3417,39.8583,TRUE
133,"Exposed schist outcrops/ledges and pine (Pinus) - oak (Quercus) forest with Kalmia understory","Pinnacle Overlook, slopes above E-shore of Susquehanna River, terminus of Pinnacle Rd., 1.25 mi S of jct with River Rd., 2 mi S of Tucquan",1038.92004394531,11.8800001144409,17.4200000762939,11.7200002670288,160.132031440735,139.090021133423,-76.3389,39.8444,TRUE
134,"Ruins of old structure","York County Bridge No. 6, Mill Creek, W of confluence with Susquehanna River, along River Rd. 0.5 mi N of PA 372",1036.93994140625,12,17.4599990844727,11.8100004196167,160.132031440735,139.090021133423,-76.3375,39.8194,TRUE
135,"Stream ravine with massive schist outcrops/bluffs and Tsuga, Acer, Fraxinus, Betula forest with Rhododendron understory","Kellys Run Gorge Preserve, Kellys Run Gorge, slopes along Kellys Run 0-1.5 mi from confluence with Susquehanna River",1035.16003417969,12.0500001907349,17.5300006866455,11.9300003051758,160.132031440735,139.090021133423,-76.3361,39.8375,TRUE
136,"Periodically submerged schist outcrops in/along river","W-shore of Susquehanna River, along River Rd. 0.7 mi N of PA 372.",1036.2900390625,12.4700002670288,17.75,12.1099996566772,160.132031440735,139.090021133423,-76.3361,39.8167,TRUE
137,"Oak (Quercus) - hemlock (Tsuga) - birch (Betula) forest with sandstone ledges and talus","Weiser State Forest, summit of Big Mountain, E of PA 42, 1.5 mi N of Artises",1211.59997558594,8.93000030517578,13.9700002670288,8.84000015258789,144.982881546021,191.233860015869,-76.3347,40.8319,TRUE
138,"Ravine with schist outcrops/ledges and mixed hardwoods (Betula, Liriodendron, Carya, Juglans, Ilex) AND Mixed hardwood forest (Carya, Acer, Fraxinus, Betula) with extensive talus (both shaded and exposed) and sandstone ledges, overhangs, and seeps","W-shore of Susquehanna River, 0.5 mi S of jct of River Rd. & PA 372, ~3.5 mi N of Coal Cabin Beach",1045.33996582031,12.4700002670288,17.7800006866455,12.1499996185303,160.571558952332,139.788618564606,-76.3194,39.8083,TRUE
139,"Tsuga/Betula/Acer forest with cold air talus slope and large shear cliffs","Ricketts Glen State Park, S slopes above Big Run, 1 mi W of jct w/ PA 487",1389.55004882812,8.14999961853027,12.3500003814697,7.26999998092651,132.820454597473,179.372457504272,-76.3175,41.3361,TRUE
140,"Stream ravine with waterfalls and mixed hardwood (Betula, Quercus) - conifer (Tsuga, Pinus) forest","Ricketts Glen State Park, Adams Falls on Kitchen Creek, S of PA 118, ~2 mi E of Red Rock",1317.40002441406,8.21000003814697,12.3999996185303,7.26999998092651,130.021521568298,176.293690681458,-76.3056,41.3097,TRUE
141,"Ruderal oak (Quercus) forest with fruiting Castanea","Ricketts Glen State Park, Grand View Trail between Red Rock Quarry (PA 487) and Firetower at Luzerne/Columbia/Sullivan County line",1317.40002441406,8.21000003814697,12.3999996185303,7.26999998092651,130.021521568298,176.293690681458,-76.3056,41.3097,TRUE
142,"Large siliceous rock outcrops in mixed hardwood forest with Paulownia and Rhododendron understory","Susquehannock State Park, vicinity of Phites Eddy [Fites Eddy], Wissler Run stream valley, Wissler Run Quad.",1054.97998046875,11.9099998474121,17.4699993133545,11.8800001144409,160.485139846802,139.805499076843,-76.2931,39.8064,TRUE
143,"Sandstone ledges/outcrops in dense hemlock (Tsuga) - birch (Betula) forest","State Game Lands No. 66, slopes above SR 1002, ~2.5-3 mi SW of McCarroll Corner, Colley Township",1154.72998046875,8.39000034332275,12.789999961853,7.5,137.343342781067,185.164625167847,-76.2764,41.4528,TRUE
144,"Massive schist outcrops in oak (Quercus) forest with Rhododendron understory","NE corner of intersection of Scalpy Hollow Rd. and River Rd., E slopes above Fishing Creek, 2.25 mi W of intersection of Scalpy Hollow Rd. and PA 272",1064.59997558594,11.4300003051758,17.0599994659424,11.5299997329712,160.099908828735,139.181580066681,-76.2639,39.8306,TRUE
145,"Narrow humid stream ravine forested with Tsuga, Betula, Acer, and Carya","Ferncliff Wildflower and Wildlife Preserve, 0-2 mi N of Bald Eagle Rd., along Fernglen Rd. (gated), 0.75 mi NE of Drumore",1090.39001464844,12.0900001525879,17.5599994659424,11.960000038147,160.485139846802,139.805499076843,-76.2556,39.8,TRUE
146,"Serpentine barren with pine (Pinus) - oak (Quercus) - juniper (Juniperus) forest","New Texas Serpentine Barren, N of Black Baron Rd., 1.5 mi W of jct with US 222, 0.75 mi E of Pleasant Grove",1161.28002929688,12.4399995803833,17.7999992370605,12.0299997329712,155.138868331909,140.895813465118,-76.1833,39.7417,TRUE
147,"Seepy, rocky hardwood (Acer, Betula) forest","State Game Lands No. 57, Dutch Mountain, slopes above SR 3001 (~2 mi W of Kasson Brook), Forkston Township",1120.18005371094,8.38000011444092,12.75,7.65999984741211,114.512069702148,140.518273830414,-76.1694,41.4792,TRUE
148,"Series of sandstone balds (Picea, Pinus, Tsuga, Acer, Betula forests) and depression wetlands (Vaccinium, Nemopanthus), cool ravines and vertical faces","State Game Lands No. 57, summit of Bartlett Mountain, ~2.4 mi W of Forkston, North Branch Township.",1069.93994140625,8.21000003814697,12.5100002288818,7.44999980926514,118.07945728302,143.672993659973,-76.1528,41.5139,TRUE
149,"Sandstone ledges with cool moist overhangs, rich hardwood forest (Acer, Betula, Fraxinus)","State Game Lands No. 57, ~5 mi W of Noxen, just N of Luzerne/Wyoming County Line, Noxen Township",1294.2900390625,8.90999984741211,13.460000038147,8.19999980926514,127.071840286255,160.80961894989,-76.1486,41.3819,TRUE
150,"Sandstone outcrops/ledges and talus in mature beech (Fagus) - birch (Betula) - maple (Acer) forest","State Game Lands No. 57, Henry Lott Road (~2 mi S of jct. with SR 3001), drainage of Henry Lott Branch (Mehoopany Creek), ~2 mi SW of Kasson Brook, Forkston Township",1367.94995117188,8.30000019073486,12.5100002288818,7.42999982833862,114.512069702148,140.518273830414,-76.1458,41.4458,TRUE
151,"Riparian floodplain forest of hemlock (Tsuga) - birch (Betula) - maple (Acer) with boulders along stream","State Game Lands No. 57, W shore of Bowmans Creek, ~4.5 mi W of Noxen, Noxen Township",1270.9599609375,9.59000015258789,14.0500001907349,8.44999980926514,127.071840286255,160.80961894989,-76.1294,41.3939,TRUE
152,"Dry oak (Quercus) - birch (Betula) forest with stands of poplar (Populus)","State Game Lands No. 57, Sorber Mountain, orange trail, ~1.5 mi S of Stull, E of Noxen, Noxen Township",1189.42004394531,9.80000019073486,14.3500003814697,8.64999961853027,121.883832931519,154.74152469635,-76.0917,41.4069,TRUE
153,"Shale ledges in mature hemlock (Tsuga) - hickory (Carya) - maple (Acer) forest","Bowmans Creek Ledges, slopes above W-shore of Bowmans Creek, 3.5-4 mi N of Evans Falls, Eaton Township",1068.36999511719,10.3599996566772,15.0600004196167,9.26000022888184,104.474305152893,119.47759437561,-75.9917,41.4833,TRUE
154,"Seepy hemlock (Tsuga) - birch (Betula) woods below extensive talus slope and sunny ledges","State Game Lands No. 106, Blue Mountain, Pulpit Rock (""The Pinnacle""), ~3 mi NW of Lenhartzville, Albany Township",1301.22998046875,11.1499996185303,15.7200002670288,9.65999984741211,145.131052017212,135.335502147675,-75.9083,40.6083,TRUE
155,"Hemlock (Tsuga) - mixed hardwood (Acer, Quercus, Betula) forest with massive sandstone ledges and overhangs, both in the forest and along the lake shore","Frances Slocum State Park, Lakeshore Trail between parking areas on the N shore of Frances Slocum Lake",1139.13000488281,9.9399995803833,14.5600004196167,8.90999984741211,124.928247451782,130.194185256958,-75.8961,41.3356,TRUE
156,"Mixed hardwoods (Acer, Fraxinus) among hemlock (Tsuga) - branch (Betula) around pond","Woodbourne Forest Preserve, just E of PA Route 29, 1 mi N of Dimock, Dimock Township",1125.88000488281,8.55000019073486,12.9399995803833,7.53000020980835,107.574637889862,125.652283668518,-75.8947,41.7664,TRUE
157,"Rocky hardwood forest (Acer, Betula, Fraxinus, Tilia)","Salt Springs State Park, slopes above S shore of Fall Brook, Orange (Bunny) Trail, ~1.5-1.75 mi W of Franklin Forks, Franklin Township",1133.40002441406,8.40999984741211,12.7799997329712,7.48000001907349,119.933725357056,142.141974925995,-75.8675,41.9025,TRUE
158,"Steep ravine with shale outcrops and ledges, sparse hemlock (Tsuga) - birch (Betula) forest","Salt Springs State Park, Fall Brook Natural Area, Hemlock Trail along Fall Brook, ~1.25 mi W of Franklin Forks, Franklin Township",1125.60998535156,9.26000022888184,13.539999961853,7.80000019073486,119.933725357056,142.141974925995,-75.8653,41.9106,TRUE
159,"Massive, steep, vertical shale/sandstone bluffs and hardwood forest (Acer, Fagus)","Falls Cliffs, 0-1.5 mi S of Falls, E of West Falls, E shore of the Susquehanna River, Falls Township",1023.10998535156,10.4700002670288,15.3100004196167,9.64999961853027,111.356129646301,115.07216501236,-75.8492,41.4553,TRUE
160,"Shale and sandstone ledges/overhangs in mixed hardwood forest (Carya, Quercus, Betula)","Bald Mountain, low-middle W-facing slopes, ~1.5-2 mi NE of Milwaukee, ~5 mi SW of Chinchilla, W of Scranton, Newton Township",1164.97998046875,9.26000022888184,13.6499996185303,8.15999984741211,115.687671661377,119.690342903137,-75.7553,41.4358,TRUE
161,"Extensive sandstone talus slope and exposed sandstone bluffs of summit, scrub oak and birch forest with ericaceous shrubs","Bald Mountain, talus slope and summit (W-facing), ~1.5-2 mi NE of Milwaukke, ~5 mi SW of Chinchilla, W of Scranton, Newton Township",1211.17004394531,8.98999977111816,12.9899997711182,7.48000001907349,115.687671661377,119.690342903137,-75.7472,41.4311,TRUE
162,"Second growth hardwoods (Fraxinus, Acer, Fagus dominant) and ruderal meadows, with occasional boulders and old stone walls","Lackawanna State Park, S of Lackawanna Lake, Turkey Hill Trail, slopes above PA Route 407, 2.8 mi N of Waverly, North Abington Township",1081.19995117188,9.9399995803833,14.5100002288818,8.71000003814697,109.84826374054,117.159019947052,-75.7253,41.555,TRUE
163,"Rocky opening in oak (Quercus) forest","State Game Lands No. 91, E side of SR 2035, 3.5 mi N of Mountain Lake, Bear Creek Township",1328.4599609375,8.77999973297119,13.3400001525879,8.21000003814697,140.262280464172,171.676251411438,-75.6883,41.2458,TRUE
164,"Rocky oak (Quercus) - birch (Betula) woods with occasional juvenile chestnut (Castanea)","State Game Lands No. 91, junction of Pittston Road and SR 2035, 4.5 mi N of Mountain Lake, Bear Creek Township",1325.68005371094,8.42000007629395,13.1899995803833,8.27999973297119,140.262280464172,171.676251411438,-75.6864,41.2561,TRUE
165,"Open fields surrounded by mixed hardwood forest (Acer, Betula, Fraxinus) with stands of poplar (Populus tremuloides) and conifers (Pinus, Tsuga)","State Game Lands No. 35, Smokey Mountain, along TR 815 0-1.5 mi S of junction with SR 1010, ~2 mi W of Susquehanna Depot (Susquehanna), Great Bend Township",1093.63000488281,9.1899995803833,13.4899997711182,7.71000003814697,114.158764839172,133.927946090698,-75.6658,41.9503,TRUE
166,"Swampy mixed hardwoods (Acer, Betula) forest with hemlock (Tsuga)","Hickory Run State Park, just N of Boulder Field Parking Area, along Rocks Trail, ~8 mi SE of Moosehead, Kidder Township",1334.43994140625,8.53999996185303,13.2399997711182,7.90999984741211,135.931601524353,164.857527256012,-75.6442,41.0528,TRUE
167,"Extensive boulder field of glacial erratics, surrounded by conifer forest (Picea, Tsuga, Pinus) with sparse hardwoods (Acer, Betula)","Hickory Run State Park, Boulder Field Natural Area, NE of portion of Boulder Field, ca. 8 mi SE of Moosehead, Kidder Township",1334.43994140625,8.53999996185303,13.2399997711182,7.90999984741211,135.931601524353,164.857527256012,-75.6414,41.0497,TRUE
168,"Moist, rocky hardwood forest (Betula, Acer, Quercus) with some pine (Pinus)","Lackawanna State Forest, junction of Pittston Rd. and Sassafras Hill Trail (Sassafras Rd.), ~4 mi NW of Thornhurst, Thornhurst Township",1364.0400390625,8.14999961853027,12.9700002670288,8.02999973297119,139.276005744934,178.434205055237,-75.6261,41.2356,TRUE
169,"Rocky mixed hardwood forest (Acer, Betula) and adjacent glade-like exposure of shale/mudstone bedrock","Lackawanna State Forest, junction of Tannery Rd. and Fire Line Rd., ~1.5 mi NW of Thornhurst, Thornhurst Township",1319.72998046875,9.02999973297119,13.3199996948242,7.75,139.62446308136,178.827987670898,-75.6144,41.2008,TRUE
170,"Swampy hemlock (Tsuga) - mixed hardwood (Betula, Fagus, Acer) forest with disturbed roadsides and rock outcrops","Lackawanna State Forest, Phelps Road (loop), 0-0.75 mi S of junction with Sandy Spring Road, NW of Thornhurst, Thornhust Township",1309.90002441406,9.46000003814697,13.6800003051758,7.92000007629395,139.467960357666,178.575549125671,-75.6033,41.1822,TRUE
171,"Ruderal floodplain forest (Prunus, Carya, Populus, Betula) with old building foundations AND Open shrub barren with sandstone ledges, boulders, and mixed hardwoods (Carya, Acer, Betula, Populus)","Hickory Run State Park, W-facing slopes above E shore of Lehigh River, 3 mi SE of Drifton Junction Station",1352.61999511719,9.25,13.7700004577637,8.15999984741211,136.534850120544,165.546841144562,-75.6,41.0153,TRUE
172,"Rocky oak (Quercus) - maple (Acer) forest","State Game Lands No. 129, E of PA 901, ca. 1 mi W of Dilldown Creek, ca. 2 mi N of Albrightsville",1381.51000976562,9.14000034332275,13.6300001144409,7.98999977111816,136.292919158936,165.264346599579,-75.5819,41.0361,TRUE
173,"Extensive sandstone ledges/outcrops in mixed hardwood (Acer, Quercus, Fagus dominant) forest","Merli-Sarnoski County Park, E of Merli-Sarnoski Lake, city of Carbondale, Carbondale Township",1197.55004882812,8.5,12.6300001144409,7.21999979019165,110.596940517426,124.548184394836,-75.5294,41.5928,TRUE
174,"Sandstone ledges along shore, lower portions periodically covered with water","State Game Lands No. 127, S bank of Lehigh River, ~2.5 mi SW of Gouldsboro, E of Clifton, Coolbaugh Township",1291.18005371094,9.21000003814697,13.3999996185303,7.6399998664856,137.219870567322,176.059309959412,-75.52,41.2181,TRUE
175,"Maple (Acer) - beech (Fagus) - hickory (Carya) forest with fern understory","State Game Lands No. 127, Groundhog Knoll, E shore of Bradys Lake, Collbaugh Township",1328.92004394531,8.97999954223633,13.2600002288818,7.57000017166138,139.190620422363,178.209601402283,-75.5086,41.1842,TRUE
176,"Rocky (sandstone) maple (Acer) - beech (Fagus) - birch (Betula) forest with ericaceous and fern understory","Gouldsboro State Park, Prospect Rock Trail, W of Gouldsboro Lake, between Gouldsboro and I-380, Lehigh Township",1263.4599609375,8.65999984741211,13.0500001907349,7.51000022888184,129.892185211182,161.927450180054,-75.4686,41.2353,TRUE
177,"Mosaic of scrub oak (Quercus) forests and ericaceous heathlands with sandstone outcrops and humus pockets","State Game Lands No. 300, N end of Moosic Mountains, summit 0-1 mi W of SR 3022, ~3 mi E of Carbondale, Jefferson Township",1249.33996582031,8.38000011444092,12.5799999237061,7.34000015258789,117.162230491638,133.827021121979,-75.4683,41.5467,TRUE
178,"Extensive sandstone boulders and ledges/faces, in oak (Quercus) dominated forest","State Game Lands No. 300, N end of Moosic Mountains, middle slopes 0-1 mi W of SR 3022, ~3 mi E of Carbondale, Jefferson Township",1254.34997558594,8.32999992370605,12.4399995803833,7.1100001335144,117.162230491638,133.827021121979,-75.4639,41.5256,TRUE
179,"Shaded forest of hemlock (Tsuga) - maple (Acer) - birch (Betula) - beech (Fagus), bisected by powerline cut","State Game Lands No. 312, along trail between Lehigh Road and West Fork of Lehigh River, E of Lehigh, Sterling Township",1263.09997558594,8.78999996185303,13.1499996185303,7.59999990463257,131.088152885437,161.664449691772,-75.4408,41.2583,TRUE
180,"Roadside Sphagnum seep with small sandstone boulders bordering hemlock (Tsuga) - mixed hardwood (Acer, Betula) forest","State Game Lands No. 312, N side of PA 507, ~2 mi E of Gouldsboro, ~1 mi NE of Lake Watawga, Lehigh Township",1270.10998535156,8.57999992370605,13.039999961853,7.6100001335144,130.4603099823,162.465480804443,-75.4331,41.2542,TRUE
181,"Larix-Picea-Acer bog with adjacent Tsuga-Acer-Betula-Fagus forest","State Game Lands No. 312, S end of Lehigh Pond",1291.7099609375,8.3100004196167,12.9099998474121,7.65999984741211,132.039212226868,162.674360275269,-75.4194,41.2583,TRUE
182,"Spruce (Picea) open bog and adjacent hemlock (Tsuga) - maple (Acer) swamp with Vaccinium understory and rocky openings","Tobyhanna State Park, S end of Tobyhanna Lake",1324.68005371094,8.1899995803833,12.8900003433228,7.65000009536743,130.4603099823,162.465480804443,-75.4111,41.2139,TRUE
183,"Mixed beech (Fagus) - maple (Acer) - birch (Betula) forest","Tobyhanna State Park, Black Bear & Bender Swamp Natural Area, Black Bear Swamp, Blue Trail 0-0.75 mi W of intersection with yellow trail",1324.68005371094,8.1899995803833,12.8900003433228,7.65000009536743,130.4603099823,162.465480804443,-75.4108,41.2208,TRUE
184,"Sandstone outcrop and ledge in mixed hardwood (Fagus, Betula, Acer) forest","Tobyhanna State Park, Kistler Ledge, E of Bender Swamp, ~5.25 mi NE of Tobyhanna, Coolbaugh Township",1362.31994628906,7.69999980926514,12.6499996185303,7.73999977111816,132.699599266052,164.799579620361,-75.375,41.2292,TRUE
185,"Rocky oak (Quercus) woods","Lacawac Sanctuary, vicinity of entrance gates, 0.5 mi W of Lake Lacawac, Paupack Township",1127.98999023438,9.14000034332275,13.4899997711182,7.57999992370605,111.540153503418,130.40541934967,-75.2989,41.3742,TRUE
186,"Maple (Acer) - birch (Betula) - hemlock (Tsuga) swamp forest and adjacent sandstone ledges","Lacawac Sanctuary, NW edge of Lake Lacawac",1122.14001464844,9.02000045776367,13.3599996566772,7.53999996185303,111.540153503418,130.40541934967,-75.2944,41.3806,TRUE
187,"Mixed hardwood forest (Carya, Acer, Quercus) with sandstone ledges","State Game Lands No. 221, 0.15 mi E of Cresco, low S-facing slopes of Seven Pines Mountain",1314.68005371094,9.3100004196167,13.960000038147,8.30000019073486,124.95041847229,141.766983509064,-75.2917,41.1556,TRUE
188,"Disturbed mixed hardwood forest (Carya, Acer, Quercus) with sandstone outcrops","State Game Lands No. 221, 0.25 mi E of Cresco, low S-facing slopes of Seven Pines Mountain",1314.68005371094,9.3100004196167,13.960000038147,8.30000019073486,125.10011100769,141.780659198761,-75.2917,41.1583,TRUE
189,"Open ridge with sandstone ledges and sparse oak (Quercus) - hemlock (Tsuga) - pine (Pinus) forest, and adjacent ledges facing small unnamed lake","Lacawac Sanctuary, ridge E of lodge, above Wallenpaupack Ledges, Paupack Township",1115.42004394531,8.96000003814697,13.3299999237061,7.48999977111816,114.414785385132,131.895231723785,-75.28,41.38,TRUE
190,"Massive sandstone ledges with maple (Acer) - hickory (Carya) - oak (Quercus) forest","Lacawac Sanctuary, Wallenpaupack Ledges, N shore of Lake Wallenpaupack, Paupack Township",1115.42004394531,8.96000003814697,13.3299999237061,7.48999977111816,114.414785385132,131.895231723785,-75.28,41.38,TRUE
191,"Maple (Acer) swamp with Kalmia understory, surrounding conifer bog AND Upland oak(Quercus)-hickory (Carya) forest with shale outcrops, bordering maple (Acer) swamp AND Extensive bog heath understory and Larix-Picea-Kalmia forest","Tannersville Bog TNC Preserve, wetlands along W-shore of Cranberry Creek, SE of Cherry Lane Rd.",1306.81994628906,10.9099998474121,15.289999961853,9.22000026702881,124.14635848999,132.339296340942,-75.2667,41.0333,TRUE
192,"Swampy northern hardwood forest (Betula, Acer, Carya) with sparse sandstone outcrops","Tannersville Bog TNC Preserve, North Woods Trail, N of Bog Rd.",1297.89001464844,10.8500003814697,15.25,9.17000007629395,124.357703208923,132.440703392029,-75.2528,41.0472,TRUE
193,"Sandstone boulders in hemlock (Tsuga) - maple (Acer) - birch (Betula) - ash (Fraxinus) forest","State Game Lands No. 159, vicinity of The Notch, along Pine Mill Rd., Lebanon Township",1158.89001464844,9.30000019073486,13.3500003814697,7.5,104.059520721436,112.486574172974,-75.2519,41.7625,TRUE
194,"Spruce (Picea) wetland with adjacent oak (Quercus) - maple (Acer) - hemlock (Tsuga) forest AND Rocky (sandstone) maple (Acer) - oak (Quercus) woodland with sparse hemlock (Tsuga) and ericaceous understory","Delaware State Forest, Bruce Lake Natural Area, Bruce Lake Trail between Egypt Meadow Lake and PA Route 390, ~5.5 mi NW of Newfoundland, Blooming Grove Township",1167.18005371094,8.6899995803833,13.0799999237061,7.57000017166138,114.693063735962,132.101566791534,-75.195,41.3728,TRUE
195,"Dripping rocky cliff-face with shaded overhangs, adjacent roadside retaining wall and maple (Acer) - hickory (Carya) - birch (Betula) forest","Dripping Cliffs TNC Preserve, along River Rd., ~2.5 mi E of Equinunk",1146.66003417969,10.8100004196167,14.789999961853,8.35999965667725,96.3702850341797,103.616403579712,-75.1475,41.8475,TRUE
196,"Mixed hardwood forest (Carya, Acer, Fraxinus, Betula) with extensive talus (both shaded and exposed) and sandstone ledges, overhangs, and seeps","State Game Lands No. 183, Buckhorn Mountain, E-facing slopes above Decker Creek, along Kimble Road/Decker Hollow Road, ca. 2.5 mi N of jct with US 6",1097.80004882812,9.89999961853027,14.289999961853,8.14000034332275,101.425381183624,110.634370803833,-75.1311,41.4458,TRUE
197,"Conglomerate rock ledges and outcrops in oak (Quercus) - hickory (Carya) forest with ericaceous understory.","Delaware State Forest, Low Knob, 2.5 mi N of Pecks Pond (town), 0.25-1.25 mi E of PA Route 402, Blooming Grove Township",1278.53002929688,8.19999980926514,12.9099998474121,7.76999998092651,118.87631893158,130.316565990448,-75.1214,41.3125,TRUE
198,"Extensive sandstone/shale (Triassic, Newark Supergroup) outcrops along creek, and shaded boulders in mixed hemlock (Tsuga canadensis) - hardwood (Fraxinus, Acer, Betula, Carya, Quercus) forest","Ralph Stover State Park, southeast corner of park, below State Park Road, south shore of Tohickon Creek, ~4 miles north of Plumsteadville, Lumberville Quad.",1230.34997558594,11.8199996948242,17.1399993896484,11.3000001907349,146.755438804626,134.058157920837,-75.0975,40.4342,TRUE
199,"Extensive sandstone/shale (Triassic, Newark Supergroup) bluffs above creek.","Ralph Stover State Park, vicinity of High Rocks Vista, east of Tory Road, Tohickon Creek Gorge, Lumberville Quad.",1230.16003417969,11.6700000762939,17,11.1999998092651,146.755438804626,134.058157920837,-75.0958,40.4408,TRUE
200,"Oak (Quercus) - hickory (Carya) woodland (oak dominant) with varied topography and sandstone outcrops and boulders","Delaware State Forest, Pennel Run Natural Area, S of Snow Hill Road, 1.2 mi SW of PA 402, Porter Township",1214.35998535156,10.0299997329712,14.5500001907349,8.60000038146973,115.469868659973,118.101315021515,-75.0886,41.1392,TRUE
201,"shale barren with Juniperus and mixed hardwoods (Carya, Quercus)","N side of Mosiers Knob Rd., ~2 mi N of jct w/ Shawnee Church Rd. in Shawnee",1250.68005371094,10.6000003814697,15.1700000762939,9.17000007629395,121.649940490723,125.241764068604,-75.0861,41.0233,TRUE
202,"Rock outcrops and ledges among oak (Quercus) - birch (Betula) forest","State Game Lands No. 180, W side of PA Route 739, ~0.5 mi N of Billings Pond, low slopes of Bald Hill, Blooming Grove Township",1180.65002441406,9.23999977111816,13.5200004577637,7.61999988555908,115.645142555237,119.558214187622,-75.0681,41.3867,TRUE
203,"Rocky mixed hardwoods (Carya, Acer, Betula, Quercus)","State Game Lands No. 209, terminus of Pond Eddy / Firetower Rd., 0.5 mi N of firetower",1241.64001464844,9.09000015258789,14,8.6899995803833,111.710147857666,109.640517711639,-74.8333,41.3972,TRUE
204,"Wet rocky (sandstone) woodland with oak (Quercus) - maple (Acer) - hickory (Carya) - ash (Fraxinus americana) forest","Delaware State Forest, vicinity of Pond Eddy/Fire Tower Rd. (via SR 2109), ~0.5 mi N of intersection with Yellow Pine Trail, Shohola Township",1250.71997070312,9.01000022888184,13.8400001525879,8.53999996185303,117.003821372986,111.638418674469,-74.82,41.38,TRUE
205,"Mosaic of scrub oak (Quercus) - pitch pine (Pinus rigida) barrens with conglomerate/sandstone bedrock, and open meadows ","Moosic Mountain TNC Preserve, Moosic Mountain Barrens, central Moosic Mountains, ~2 mi SE of Jessup, E of Olyphant",1256.44995117188,8.98999977111816,13.1099996566772,7.6399998664856,119.936514854431,139.694790363312,-75.5414,41.4411,TRUE
206,"Roadside and adjacent oak (Quercus) - pine (Pinus) forest.","Michaux State Forest, Big Pond Rd. 2.25 mi N of intersection with Ridge Rd.",1092.23999023438,11.4799995422363,16.5499992370605,11.0100002288818,149.951561927795,171.91405582428,-77.4069,40.0583,TRUE
